SELECT * FROM LMS_SUPPLIER_DETAILS
DELETE FROM LMS_SUPPLIER_DETAILS
TRUNCATE TABLE LMS_SUPPLIER_DETAILS

DELETE FROM LMS_MEMBER_DETAILS
SELECT * FROM LMS_MEMBER_DETAILS

--Table data for LMS_SUPPLIER_DETAILS
INSERT INTO LMS_SUPPLIER_DETAILS (SUPPLIER_NAME,CONTACT,EMAIL)
VALUES
('New Book Lands',9873451236,'newbooklands@gmail.com'),
('Shree Balaji Book Sellers & Distributors',9970345123,'balajibooks@yahoo.in'),
('Vijaya Book Traders',9662205731,'vijayabooks@hotmail.com'),
('Jayanthi Book Distributors',9389864227,'jayanthibooks@gmail.com'),
('A.R. Enterprises',9655552345,'arent@outlook.com'),
('S B A Book Place',9734924743,'sbabook@yahoo.com'),
('Current Technical Literature Co Private Limited',8773426262,'ctlncopvltd@gmail.com'),
('Standard Book Distributing House',8875642522,'standardbook@gmail.com'),
('Charisma',7329909873,'charisma@live.in'),
('Samata Books',9929374252,'samata@gmail.com')



INSERT 
INTO 
LMS_MEMBER_DETAILS (MEMBER_NAME,PHONE_NUMBER,[PASSWORD],MEMBER_EMAIL,SECURITY_QUESTION,ANSWER,ID_PROOF_TYPE,ID_PROOF_NUMBER,DATE_REGISTER)
VALUES
('mounica', 9159805589, 'amma123','pingu@gmail.com', 'what is your favourite movie?', 'wreck it', 'driving license', 'alp123g', '12-5-1992'),
('prem',   9780000000, 'messi012','mprem@outlook.com', 'who is favourite hero?', 'vijay', 'pan card', 'spl234', '4/5/1993'),
('mercy',  9234567890, 'jeses90' ,'mercy@gmail.com' ,'which school did you study in tenth?', 'little', 'passport number', 'lgf768',  '5/6/1993'),
('rajesh', 8987654321, 'ghyuc80','rajeshsep24@gmail.com', 'what is your favourite food?', 'chicken', 'voter id', '765gty', '9/2/1994'),
( 'reshmika', 8134568797,  'hyd678','reshmika@gmail.com', 'what is your favourite movie?', 'inception', 'driving license', '65487k', '3/6/2002'),
( 'sandhya' ,  7678937723,  'rehby12','sandhya@yahoo.com',  'who is favourite hero?', 'mahesh', 'pan card', 'fgrt234', '6/12/1992'),
( 'shiva'   , 8223567890, 'rhtyi123','shiva@yahoo.com' ,'which school did you study in tenth?', 'little flower', 'voter card', 'hyrt345', '1/12/1992'),
('soumitra',  8223344555,'tyuvb566','soumitpal@gmail.com',  'what is your favourite food?',  'prawns', 'passport number', 'tyu547', '12/3/1992'),
(' madhu',    7987654321, 'tyuvb566','madhubmb@gmail.com' , 'what is your favourite movie?', 'megamind', 'voter card', 'reywe234', '2/12/2004'),
( 'varadha',  8345638697, 'eryt536','varadha@outlook.com', 'who is favourite hero?', 'ajith', 'driving license', '789fet5', '3/12/2007'),
('shilka',   9234569870, 'etyu464','shilka@gmail.com', 'which school did you study in tenth?', 'bhararti', 'pan card', 'tyrh747', '3/5/1991'),
('arun',    9875634324,  'tyrh747' ,'arun23@gmail.com', 'what is your favourite food?', 'fish',  'voter card', 'ffy545','6/8/2006'),
('sambu',  8456789073,  'ffy545' , 'sambumavane@gmail.com', 'what is your favourite movie?', 'horror silence',  'passport number', 'etyu464', '5/4/1990'),
('vivek'   ,  8906781234,  'tyrh747' ,'vivekqwerty@gmail.com', 'who is favourite hero?', 'arya', 'pan card', 'rehby12','3/8/2011'),
('shriram'  , 8234976578,  '789fet5', 'shriram@gmail.com','which school did you study in tenth?',  'chinmaya', 'voter card', 'tyuvb566', '3/11/1990'),
('sukeshini' , 9782367721, '765gty','sukku@yahoo.in', 'what is your favourite food?', 'palak panner','pan card', '789fet5', '4/2/1997'),
('neenu'   ,   9885702829,  'alp123g','neenu@live.in', 'what is your favourite movie?',  'arya2', 'passport number', 'tyuvb566', '5/11/2001'),
('aishwarya' ,  9849605852,  'reywe234','aishu@gmail.com' ,'who is favourite hero?',  'karthik', 'driving license', 'jeses90', '2/12/1992'),
('shristi' ,   9863235221,  'spl234','shrishti@gmail.com' , 'which school did you study in tenth?','Don Bosco', 'pan card', 'tyuvb566', '11/9/1991'),
('nikhita'  ,  8352218083,  '789fet5','nikitha@gmail.com' , 'what is your favourite food?', 'curd rice', 'voter card', 'eryt536', '4/2/1994'),
('karthik' ,   9896315984,  '65487k','karthick@gmail.com' , 'what is your favourite movie?', 'twinkle', 'passport number' , 'tyuvb566', '6/5/1995'),
('arun karthik',9234548904,  'howrhs278','arunkarthik@gmail.com' , 'who is favourite hero?', 'arjun', 'pan card', 'weys276', '2/12/1997'),
('ranjith' ,   9324576386  ,  'spl234','ranjith@gmail.com' , 'which school did you study in tenth?','oxford','driving license','jeses90','8/3/1995'),
('gokul'   ,  9967235692   ,   'hjyuj37', 'gokulkoli@gmail.com' ,'what is your favourite food?', 'lemon rice', 'voter card', 'dogly234', '2/6/1993'),
('sankar' ,   9458901234  ,    'enter56' ,'sankar@gmail.com' , 'what is your favourite movie?', 'jai ho', 'driving license',  'songs378', '3/5/1990'),
( 'kumar'  ,  9067892639  ,   'back367'  ,'kumar@gmail.com' , 'who is favourite hero?' , 'nithin', 'pan card', 'desk87893', '2/9/2013'),
( 'murgesan',  9677501057 ,    'killer5723','muruga@gmail.com' ,  'which school did you study in tenth?',  'flower',  'passport number', 'duck5769', '7/8/1990'),
( 'nithya',     9649302892,    'urvi639hs' , 'nithya@gmail.com' ,'what is your favourite food?', 'dosa', 'voter card', 'giff635', '4/3/1996'),
( 'anandh',      9500650090 ,  'ravi7846k', 'anandh@gmail.com' , 'what is your favourite movie?', 'popoye',  'driving license',  'galax79356', '6/1/1992'),
( 'neradha' ,   9000800098 ,  '348kilsp', 'neradha@gmail.com' , 'who is favourite hero?', 'ranjinikanth',  'pan card', 'gpsdig208', '8/3/1991'),
('padma',     9800480025,    'pcdc2863', 'padma@gmail.com' , 'which school did you study in tenth?',  'bhasyam', 'voter card', 'commu3hts', '4/11/1994'),
('ravi',      9000200063,    'pdoo1735','ravi@gmail.com' , 'what is your favourite food?', 'custard', 'driving license', '37frsk98', '8/11/1994'),
('jasmine' ,   9000100023,    'sticj93k' , 'jasmine@gmail.com' ,'what is your favourite movie?' , 'balu' , 'pan card' , 'ebt4893hy' , '3/1/1999'),
('ringu' ,   9000100093,    'syuemj93k' , 'ringu@gmail.com' ,'who is favourite hero?' , 'jii hoo' , 'voter card' , 'del683te' , '6/1/1999'),
( 'sirisha'  ,  9067842639  ,   'reboot367'  ,'sirisha@gmail.com' , 'which school did you study in tenth?' , 'cambridge', 'driving license', 'dusk87893', '2/9/2013'),
( 'mitu'   ,    9782369921, '765gher', 'mitu@gmail.com' ,'what is your favourite food?', 'dak makahani','pan card', '789stupt5', '4/12/1997' ),
( 'laxmhi',  95604789073,  'xxcy545' , 'laxmi@gmail.com' , 'what is your favourite movie?', 'bombay',  'passport number', 'qwytyu464', '5/4/1990'),
( 'begum '   ,  9906781434,  'attarh747' , 'begum@gmail.com' ,'who is favourite hero?', 'tom cruise',  'pan card', 'upsdery12',  '1/8/2011'),
('poojitha',   9890300087, '46hoorp4','poojitha@gmail.com' , 'which school did you study in tenth?', 'loyalo', 'driving license',  '678tyrh747',  '2/5/1991'),
('rushi',   9234567890,  'note28hy'  ,'rushi@gmail.com' , 'what is your favourite food?',  'shawarma',  'passport number',  'kdehyf768',  '5/6/1993'),
( 'madhan',  9809375984,  'hfosd7k','madhan@gmail.com' ,  'what is your favourite movie?',  'polar express',  'voter card' ,  'wiks3b566',  '6/5/1995'),
( 'krishna' ,  9000500017,   '1ishq234', 'krishna@gmail.com' , 'who is favourite hero?',   'tarun',  'driving license',  'hippe90',   '2/12/1992'),
('venkat' ,  9000900057  ,  'a2k3oi4', 'venkat@gmail.com' , 'which school did you study in tenth?', 'good shepard', 'passport number', 'j83etijs90',  '8/3/1995'),
('siddhu',   9700789025,  'nutem28hy'  , 'siddhu@gmail.com' , 'what is your favourite food?',  'biryani',  'pan card',  'kujvej39',  '2/6/1993'),
('sandeep',  9000200017,  'askusd7k', 'sandeep@gmail.com' , 'what is your favourite movie?',  'christmas carol',  'voter card' ,  'stu3b566',  '1/5/1995'),
('akhilesh',  9238948904,  'delku278', 'akhilesh@gmail.com' ,'who is favourite hero?', 'santhanam',  'pan card',  'frog276',  '12/12/1997'),
('sindhu',  9323232390 ,    'lolly387x', 'sindhu@gmail.com' ,  'which school did you study in tenth?',  'play kids',  'passport number', 'dipsy5769', '7/8/1990'),
('bharathi'   ,  9000400074  ,   'juieuj37', 'bharathi@gmail.com' , 'what is your favourite food?',  'green rice',  'voter card',  'kite234', '12/6/1993'),
('sravya' ,      9210102286  ,    'gyels22' , 'sravya@gmail.com' , 'what is your favourite movie?',  'kadhal',  'driving license',  '2bulk378', '1/5/1990'),
('satya'  ,  9000892639  ,   'oper367'  ,'satya@gmail.com' , 'who is favourite hero?' , 'hrithik', 'pan card',  'idly87893',  '2/10/2013')






INSERT 
INTO 
LMS_BOOK_DETAILS
(BOOK_CODE,BOOK_TITLE,AUTHOR,CATEGORY,PUBLICATIONS,BOOK_EDITION,PRICE)
VALUES 
('JAV001','Java The Complete Reference','Herbert Schildt','JAVA','McGraw hill',8,421),
('JAV002','PROGRAMMING WITH JAVA ','E Balagurusamy','JAVA','Wiley Publishing,Inc',1,344),
('JAV003','Core Java:An Integrated Approach','R.Nageswara Rao','JAVA','Sun Microsystem',4,500),
('JAV004','Core Java 2 Advanced Features','Cay S. Horstmann','JAVA','Sun Microsystem',3,877),
('JAV005','Effective Java','Joshua Bloch','JAVA','Oxford University Press',2,598),
('JAV006','The Java language specification','Herbert Schildt','JAVA','OXFORD University Press',2,440),
('JAV007','Advanced Programming for the Java 2 Platform','Calvin Austin','JAVA','McGraw hill',2,741),
('JAV008','Java for Dummies','Barry Burd','JAVA','Cambridge Publications',2,440),

('HTM001','HTML and CSS: Design and Build Websites','Jon Duckett','HTML','OXFORD University Press',1,228),
('HTM002','JavaScript & JQuery: Interactive Front-End Web Development','Martin Freeman','HTML','Partridge Publishing',2,598),
('HTM003','Beginning HTML, XHTML, CSS, and JavaScript','Jon Duckett','HTML','McGraw hill',5,598),
('HTM004','Head First HTML and CSS','Shivashankar','HTML','Partridge Publishing',2,598),
('HTM005','Programming HTML5 Applications','Zachary Kessin','HTML','McGraw hill',5,598),
('HTM006','Html5 For Ios And Android:Beginner Guide','Dylan Thomas','HTML','McGraw hill',3,598),
('HTM007','HTML5 and CSS3: Develop with Tomorrow Standards Today','Brian P. Hogan','HTML','McGraw hill',2,598),
('HTM008','Programming in Html5 with JavaScript and Css3','Glenn Johnson','HTML','McGraw hill',3,598),

('CSH001','Learn C# (includes C# .NET 3.0 features)','Sam A. Abolrous','c# .net','Bpb',3,258),
('CSH002','Microsoft Visual C# .Net Step by Step--Version 2003','Bernadette ','c# .net','Microsoft Press',2,728),
('CSH003','Collected Computer Prog, Problems in Visual C# .NET 2007 Edition','Yashavant Kanetkar, Asang Dani','c# .net','Bpb',5,298),
('CSH004','C# .Net Illuminated 0004 Edition','Art Gittleman, Arthur Gittleman','c# .net','Jones & Bartlett Publishers',6,276),
('CSH005','C# .NET Fundas 2002 Edition','Yashavant Kanetkar','c# .net','Tech Publications',3,279),
('CSH006','Microsoft Visual C# .Net Step by Step [With CDROM]','John Sharp, Jon Jagger Joint','c# .net','Microsoft Press',2,298),
('CSH007','Domain-Driven Design Pattern C# .NET','Davis Chapman','c# .net','Microsoft Press',1,228),
('CSH008','VISUAL C# .NET','Muthu','c# .net','Vieweg Teubner Verlag',1,558),

('PHP001','Html5 Black Book:Covers Css3,Javascript,Xml,Xhtml,Ajax,Php And Jquery','Kogent','PHP','Dreamtech Press',5,448),
('PHP002','Head First PHP & MySQL : A Brain-Friendly Guide','Lynn Beighley, Michael Morrison','PHP','Shroff - O''reilly',2,238),
('PHP003','Beginning PHP and MySQL: From Novice to Professional','W. Jason Gilmore','PHP','Apress',2,400),
('PHP004','PHP Project for Beginners','Sharanam Shah','PHP','X-Team',1,620),
('PHP005','Php6 And My Sql Bible','Steve Suehring Tim Converse Joyce Park','PHP','Wiley India Pvt Ltd',4,228),
('PHP006','Essential PHP Security','Chris Shiflett','PHP','O''Reilly',3,750),
('PHP007','Murach''s PHP and MySQL','Joel Murach','PHP','Murach''s Publication',2,220),
('PHP008','Sams Teach Yourself PHP, MySQL and Apache All in One','Meloni','PHP','Pearson',3,338),

('PRL001','The Pearson Guide to Quantitative Aptitude and Data Interpretation for the CAT ','Nishit K. Sinha','Perl','Pearson',2,778),
('PRL002','The Pearson Concise General Knowledge Manual 2013','Thorpe','Perl','Pearson',1,500),
('PRL003','The Pearson Guide to UGC-CSIR: Chemical Sciences','Sanjay Singh Rawal','Perl','Pearson',1,230),
('PRL004','Design Patterns : Elements of Reusable Object-Oriented Software','Erich Gamma, Richard Helm','Perl','Pearson Education',4,558),
('PRL005','The Pearson Guide to Verbal Ability and Logical Reasoning for the CAT','Nishit K. Sinha','Perl','Pearson',3,288),
('PRL006','Perl: The Complete Reference','Showick Thorpe, Edgar Thorpe','Perl','Pearson',1,299),
('PRL007','Learning Perl: Making Easy Things Easy and Hard Things','Steven M. Schafer','Perl','McGraw hill',3,300),
('PRL008','Perl Database Programming','Curtis','Perl','Pearson',3,458),

('SQL001','Oracle Pl/Sql Programming In Simple Steps','P.S.Deshpande','SQL','Dreamtech Press',1,728),
('SQL002','Sql & Pl/Sql For Oracle 11G Black Book','Michael McLaughlin','SQL','Tata Mcgraw Hill Education Private Limited',3,290),
('SQL003','Oracle Database 11G Sql','W. Jason Gilmore','SQL','Wiley India Pvt Ltd',1,118),
('SQL004','Professional Microsoft Sql Server 2012: Analysis Services With Mdx And Dax','Denny Guang-Yeu Lee','SQL','Wiley India Pvt Ltd',4,274),
('SQL005','Professional Microsoft Sql Server 2012 Integration Services','Brian Knight Erik Veerman','SQL','Wiley India Pvt Ltd',2,228),
('SQL006','Php6 And My Sql Bible','Joel Murach','SQL','Tata McGraw Hill',1,778),
('SQL007','Effortless E-Commerce with PHP and MySQL','Larry Ullman','SQL','TMH',1,828),
('SQL008','SQL Queries 2012 Joes 2 Pros: The SQL Hands-on Tutorial for Beginners','Bob Taylor','SQL','SQL Authority',3,528)


--DELETE FROM LMS_BOOK_DETAILS
--SELECT * FROM LMS_BOOK_DETAILS

SELECT * FROM LMS_ALL_BOOKS

--ALL_BOOKS
INSERT
INTO
LMS_ALL_BOOKS
(BOOK_CODE,BOOK_AVAILABILITY,SUPPLIER_ID)
VALUES
('JAV001','Y',101),
('JAV001','Y',101),
('JAV001','Y',101),
('JAV001','Y',102),
('JAV001','Y',102),
('JAV002','Y',104),
('JAV002','Y',104),
('JAV002','Y',104),
('JAV002','Y',104),
('JAV002','Y',104),
('JAV003','Y',109),
('JAV003','Y',109),
('JAV003','Y',109),
('JAV003','Y',109),
('JAV003','Y',109),
('JAV004','Y',110),
('JAV004','Y',110),
('JAV004','Y',110),
('JAV004','Y',110),
('JAV004','Y',110),
('JAV005','Y',110),
('JAV005','Y',110),
('JAV005','Y',110),
('JAV005','Y',110),
('JAV005','Y',110),
('JAV006','Y',105),
('JAV006','Y',105),
('JAV006','Y',105),
('JAV006','Y',105),
('JAV006','Y',105),
('JAV007','Y',103),
('JAV007','Y',103),
('JAV007','Y',103),
('JAV007','Y',103),
('JAV007','Y',103),
('JAV008','Y',103),
('JAV008','Y',103),
('JAV008','Y',103),
('JAV008','Y',103),
('JAV008','Y',103),
('HTM001','Y',107),
('HTM001','Y',107),
('HTM001','Y',107),
('HTM001','Y',107),
('HTM001','Y',107),
('HTM002','Y',108),
('HTM002','Y',108),
('HTM002','Y',108),
('HTM002','Y',108),
('HTM002','Y',108),
('HTM003','Y',110),
('HTM003','Y',110),
('HTM003','Y',110),
('HTM003','Y',110),
('HTM003','Y',110),
('HTM004','Y',101),
('HTM004','Y',101),
('HTM004','Y',101),
('HTM004','Y',101),
('HTM004','Y',101),
('HTM005','Y',106),
('HTM005','Y',106),
('HTM005','Y',106),
('HTM005','Y',106),
('HTM005','Y',106),
('HTM006','Y',109),
('HTM006','Y',109),
('HTM006','Y',109),
('HTM006','Y',109),
('HTM006','Y',109),
('HTM007','Y',102),
('HTM007','Y',102),
('HTM007','Y',102),
('HTM007','Y',102),
('HTM007','Y',102),
('HTM008','Y',104),
('HTM008','Y',104),
('HTM008','Y',104),
('HTM008','Y',104),
('HTM008','Y',104),
('CSH001','Y',108),
('CSH001','Y',108),
('CSH001','Y',108),
('CSH001','Y',108),
('CSH001','Y',108),
('CSH002','Y',109),
('CSH002','Y',109),
('CSH002','Y',109),
('CSH002','Y',109),
('CSH002','Y',109),
('CSH003','Y',107),
('CSH003','Y',107),
('CSH003','Y',107),
('CSH003','Y',107),
('CSH003','Y',107),
('CSH004','Y',102),
('CSH004','Y',102),
('CSH004','Y',102),
('CSH004','Y',102),
('CSH004','Y',102),
('CSH005','Y',102),
('CSH005','Y',102),
('CSH005','Y',102),
('CSH005','Y',102),
('CSH005','Y',102),
('CSH006','Y',105),
('CSH006','Y',105),
('CSH006','Y',105),
('CSH006','Y',105),
('CSH006','Y',105),
('CSH007','Y',105),
('CSH007','Y',105),
('CSH007','Y',105),
('CSH007','Y',105),
('CSH007','Y',105),
('CSH008','Y',101),
('CSH008','Y',101),
('CSH008','Y',101),
('CSH008','Y',101),
('CSH008','Y',101),
('PHP001','Y',101),
('PHP001','Y',101),
('PHP001','Y',101),
('PHP001','Y',101),
('PHP001','Y',101),
('PHP002','Y',103),
('PHP002','Y',103),
('PHP002','Y',103),
('PHP002','Y',103),
('PHP002','Y',103),
('PHP003','Y',103),
('PHP003','Y',103),
('PHP003','Y',103),
('PHP003','Y',103),
('PHP003','Y',103),
('PHP004','Y',110),
('PHP004','Y',110),
('PHP004','Y',110),
('PHP004','Y',110),
('PHP004','Y',110),
('PHP005','Y',110),
('PHP005','Y',110),
('PHP005','Y',110),
('PHP005','Y',110),
('PHP005','Y',110),
('PHP006','Y',110),
('PHP006','Y',110),
('PHP006','Y',110),
('PHP006','Y',110),
('PHP006','Y',110),
('PHP007','Y',102),
('PHP007','Y',102),
('PHP007','Y',102),
('PHP007','Y',102),
('PHP007','Y',102),
('PHP008','Y',102),
('PHP008','Y',102),
('PHP008','Y',102),
('PHP008','Y',102),
('PHP008','Y',102),
('PRL001','Y',109),
('PRL001','Y',109),
('PRL001','Y',109),
('PRL001','Y',109),
('PRL001','Y',109),
('PRL002','Y',109),
('PRL002','Y',109),
('PRL002','Y',109),
('PRL002','Y',109),
('PRL002','Y',109),
('PRL003','Y',107),
('PRL003','Y',107),
('PRL003','Y',107),
('PRL003','Y',107),
('PRL003','Y',107),
('PRL004','Y',107),
('PRL004','Y',107),
('PRL004','Y',107),
('PRL004','Y',107),
('PRL004','Y',107),
('PRL005','Y',106),
('PRL005','Y',106),
('PRL005','Y',106),
('PRL005','Y',106),
('PRL005','Y',106),
('PRL006','Y',106),
('PRL006','Y',106),
('PRL006','Y',106),
('PRL006','Y',106),
('PRL006','Y',106),
('PRL007','Y',101),
('PRL007','Y',101),
('PRL007','Y',101),
('PRL007','Y',101),
('PRL007','Y',101),
('PRL008','Y',101),
('PRL008','Y',101),
('PRL008','Y',101),
('PRL008','Y',101),
('PRL008','Y',101),
('SQL001','Y',105),
('SQL001','Y',105),
('SQL001','Y',105),
('SQL001','Y',105),
('SQL001','Y',105),
('SQL002','Y',105),
('SQL002','Y',105),
('SQL002','Y',105),
('SQL002','Y',105),
('SQL002','Y',105),
('SQL003','Y',105),
('SQL003','Y',105),
('SQL003','Y',105),
('SQL003','Y',105),
('SQL003','Y',105),
('SQL004','Y',110),
('SQL004','Y',110),
('SQL004','Y',110),
('SQL004','Y',110),
('SQL004','Y',110),
('SQL004','Y',110),
('SQL005','Y',110),
('SQL005','Y',110),
('SQL005','Y',110),
('SQL005','Y',110),
('SQL005','Y',110),
('SQL006','Y',106),
('SQL006','Y',106),
('SQL006','Y',106),
('SQL006','Y',106),
('SQL006','Y',106),
('SQL007','Y',106),
('SQL007','Y',106),
('SQL007','Y',106),
('SQL007','Y',106),
('SQL007','Y',106),
('SQL008','Y',109),
('SQL008','Y',109),
('SQL008','Y',109),
('SQL008','Y',109),
('SQL008','Y',109)


INSERT INTO ADMIN_DETAILS
(ADMIN_PASSWORD)
VALUES
('admin123')

SELECT * FROM LMS_ALL_BOOKS
Select * from lms_book_issue
select * from LMS_MEMBER_DETAILS
select * from LMS_SUPPLIER_DETAILS
SELECT * FROM ADMIN_DETAILS